[
  {
    "value": "qual",
    "synonyms": [
      "qual",
      "quais",
      "tal qual",
      "o qual",
      "no qual"
    ]
  },
  {
    "value": "que",
    "synonyms": [
      "que",
      "o que",
      "oq",
      "o q",
      "tal que"
    ]
  },
  {
    "value": "quem",
    "synonyms": [
      "quem",
      "kem"
    ]
  },
  {
    "value": "como",
    "synonyms": [
      "como"
    ]
  },
  {
    "value": "modo",
    "synonyms": [
      "modo",
      "de que modo",
      "de q modo",
      "d q modo"
    ]
  },
  {
    "value": "forma",
    "synonyms": [
      "forma",
      "de q forma"
    ]
  },
  {
    "value": "maneira",
    "synonyms": [
      "maneira",
      "de q maneira",
      "d q maneira"
    ]
  }
]