[
  {
    "value": "querer",
    "synonyms": [
      "querer",
      "quero",
      "queria"
    ]
  },
  {
    "value": "gostar",
    "synonyms": [
      "gostar",
      "gostaria",
      "gosto"
    ]
  },
  {
    "value": "poder",
    "synonyms": [
      "poder",
      "posso",
      "poderia"
    ]
  },
  {
    "value": "desejar",
    "synonyms": [
      "desejar",
      "desejo",
      "desejaria"
    ]
  },
  {
    "value": "necessitar",
    "synonyms": [
      "necessitar",
      "necessito"
    ]
  },
  {
    "value": "precisar",
    "synonyms": [
      "precisar",
      "preciso",
      "precisaria"
    ]
  }
]