[
  {
    "value": "saber",
    "synonyms": [
      "saber",
      "saberia",
      "sabe"
    ]
  },
  {
    "value": "entender",
    "synonyms": [
      "entender",
      "entendimento",
      "entendendo",
      "entendi",
      "entenderia"
    ]
  },
  {
    "value": "conhecer",
    "synonyms": [
      "conhecer",
      "conhece",
      "conheceria"
    ]
  },
  {
    "value": "ver",
    "synonyms": [
      "ver",
      "vejo",
      "ve"
    ]
  },
  {
    "value": "compreender",
    "synonyms": [
      "compreender",
      "compreendi",
      "compreensao"
    ]
  }
]