[
  {
    "value": "oi",
    "synonyms": [
      "oi",
      "oiii",
      "oizinho"
    ]
  },
  {
    "value": "olá",
    "synonyms": [
      "olá",
      "olar"
    ]
  },
  {
    "value": "e aí",
    "synonyms": [
      "e aí",
      "eae",
      "eai"
    ]
  },
  {
    "value": "fala",
    "synonyms": [
      "fala",
      "fala ai",
      "fala ae"
    ]
  },
  {
    "value": "há quanto tempo",
    "synonyms": [
      "há quanto tempo"
    ]
  },
  {
    "value": "opa",
    "synonyms": [
      "opa"
    ]
  },
  {
    "value": "tudo bem",
    "synonyms": [
      "tudo bem",
      "tudo bom",
      "tudo de boa",
      "tudo beleza",
      "tudo blz"
    ]
  },
  {
    "value": "saudação",
    "synonyms": [
      "saudação",
      "saudações",
      "salve"
    ]
  },
  {
    "value": "bom dia",
    "synonyms": [
      "bom dia",
      "dia",
      "b dia"
    ]
  },
  {
    "value": "boa tarde",
    "synonyms": [
      "boa tarde",
      "tarde",
      "b tarde"
    ]
  },
  {
    "value": "boa noite",
    "synonyms": [
      "boa noite",
      "noite",
      "b noite"
    ]
  },
  {
    "value": "dale",
    "synonyms": [
      "dale",
      "daleee"
    ]
  },
  {
    "value": "como vai",
    "synonyms": [
      "como vai",
      "como ta",
      "como está"
    ]
  }
]