[
  {
    "id": "760ebd2a-ac5f-4265-840b-c9e09a418234",
    "data": [
      {
        "text": "quero",
        "meta": "@Querer",
        "alias": "Querer",
        "userDefined": false
      },
      {
        "text": " mais ",
        "userDefined": false
      },
      {
        "text": "informações",
        "meta": "@Informacao",
        "alias": "Informacao",
        "userDefined": true
      }
    ],
    "isTemplate": false,
    "count": 0,
    "lang": "pt-br",
    "updated": 0
  },
  {
    "id": "5e7587c7-1632-449a-a68c-723b79386e80",
    "data": [
      {
        "text": "não",
        "meta": "@Nao",
        "alias": "Nao",
        "userDefined": false
      },
      {
        "text": " ",
        "userDefined": false
      },
      {
        "text": "entendi",
        "meta": "@Saber",
        "alias": "Saber",
        "userDefined": false
      }
    ],
    "isTemplate": false,
    "count": 0,
    "lang": "pt-br",
    "updated": 0
  },
  {
    "id": "1e12121d-94a6-4da5-b4cc-157121c69e35",
    "data": [
      {
        "text": "duvida",
        "meta": "@Ajuda",
        "alias": "ajuda",
        "userDefined": true
      },
      {
        "text": " sobre ",
        "userDefined": false
      },
      {
        "text": "conversão",
        "meta": "@Conversao",
        "alias": "Conversao",
        "userDefined": true
      }
    ],
    "isTemplate": false,
    "count": 0,
    "lang": "pt-br",
    "updated": 0
  },
  {
    "id": "3054f128-4d1b-48b3-b2e6-1da013c56140",
    "data": [
      {
        "text": "duvida",
        "meta": "@Ajuda",
        "alias": "ajuda",
        "userDefined": true
      },
      {
        "text": " sobre ",
        "userDefined": false
      },
      {
        "text": "cotação",
        "meta": "@Cotacao",
        "alias": "Cotacao",
        "userDefined": true
      }
    ],
    "isTemplate": false,
    "count": 0,
    "lang": "pt-br",
    "updated": 0
  },
  {
    "id": "a946d459-b334-4c64-bb43-8536d49bb72c",
    "data": [
      {
        "text": "como",
        "meta": "@Qual",
        "alias": "Qual",
        "userDefined": true
      },
      {
        "text": " ",
        "userDefined": false
      },
      {
        "text": "faço",
        "meta": "@Fazer",
        "alias": "Fazer",
        "userDefined": true
      },
      {
        "text": " ",
        "userDefined": false
      },
      {
        "text": "para",
        "meta": "@Para",
        "alias": "Para",
        "userDefined": true
      },
      {
        "text": " ",
        "userDefined": false
      },
      {
        "text": "cotação",
        "meta": "@Cotacao",
        "alias": "Cotacao",
        "userDefined": true
      }
    ],
    "isTemplate": false,
    "count": 0,
    "lang": "pt-br",
    "updated": 0
  },
  {
    "id": "4b286ea4-f838-49d1-9c15-9aaec0dd19c0",
    "data": [
      {
        "text": "como",
        "meta": "@Qual",
        "alias": "Qual",
        "userDefined": true
      },
      {
        "text": " ",
        "userDefined": false
      },
      {
        "text": "faço",
        "meta": "@Fazer",
        "alias": "Fazer",
        "userDefined": true
      },
      {
        "text": " ",
        "userDefined": false
      },
      {
        "text": "para",
        "meta": "@Para",
        "alias": "Para",
        "userDefined": true
      },
      {
        "text": " ",
        "userDefined": false
      },
      {
        "text": "converter",
        "meta": "@Conversao",
        "alias": "Conversao",
        "userDefined": true
      }
    ],
    "isTemplate": false,
    "count": 0,
    "lang": "pt-br",
    "updated": 0
  },
  {
    "id": "8ee2746f-835c-4a85-8474-c7272f0c6184",
    "data": [
      {
        "text": "não",
        "meta": "@Nao",
        "alias": "Nao",
        "userDefined": false
      },
      {
        "text": " ",
        "userDefined": false
      },
      {
        "text": "estou",
        "meta": "@Ter",
        "alias": "Ter",
        "userDefined": true
      },
      {
        "text": " ",
        "userDefined": false
      },
      {
        "text": "entendendo",
        "meta": "@Saber",
        "alias": "Saber",
        "userDefined": true
      }
    ],
    "isTemplate": false,
    "count": 0,
    "lang": "pt-br",
    "updated": 0
  },
  {
    "id": "7160bf5a-6453-4637-9e25-5b14916e099a",
    "data": [
      {
        "text": "estou",
        "meta": "@Ter",
        "alias": "Ter",
        "userDefined": true
      },
      {
        "text": " com ",
        "userDefined": false
      },
      {
        "text": "dificuldade",
        "meta": "@Ajuda",
        "alias": "ajuda",
        "userDefined": true
      }
    ],
    "isTemplate": false,
    "count": 0,
    "lang": "pt-br",
    "updated": 0
  },
  {
    "id": "2ccf3e30-11da-421e-95e6-f011a0123faa",
    "data": [
      {
        "text": "não",
        "meta": "@Nao",
        "alias": "Nao",
        "userDefined": true
      },
      {
        "text": " ",
        "userDefined": false
      },
      {
        "text": "sei",
        "meta": "@Saber",
        "alias": "Saber",
        "userDefined": true
      },
      {
        "text": " ",
        "userDefined": false
      },
      {
        "text": "o que",
        "meta": "@Qual",
        "alias": "Qual",
        "userDefined": true
      },
      {
        "text": " ",
        "userDefined": false
      },
      {
        "text": "fazer",
        "meta": "@Fazer",
        "alias": "Fazer",
        "userDefined": true
      }
    ],
    "isTemplate": false,
    "count": 0,
    "lang": "pt-br",
    "updated": 0
  },
  {
    "id": "7a051a8d-9918-41b8-8a79-d2321ef37e14",
    "data": [
      {
        "text": "ajuda",
        "meta": "@Ajuda",
        "alias": "ajuda",
        "userDefined": false
      }
    ],
    "isTemplate": false,
    "count": 0,
    "lang": "pt-br",
    "updated": 0
  },
  {
    "id": "c4618d72-3158-411e-a37f-903ea57e7712",
    "data": [
      {
        "text": "quero",
        "meta": "@Querer",
        "alias": "Querer",
        "userDefined": true
      },
      {
        "text": " ",
        "userDefined": false
      },
      {
        "text": "ajuda",
        "meta": "@Ajuda",
        "alias": "ajuda",
        "userDefined": false
      }
    ],
    "isTemplate": false,
    "count": 0,
    "lang": "pt-br",
    "updated": 0
  },
  {
    "id": "10c021f5-ca86-4c30-8daf-a218265ee655",
    "data": [
      {
        "text": "eu ",
        "userDefined": false
      },
      {
        "text": "gostaria",
        "meta": "@Querer",
        "alias": "Querer",
        "userDefined": true
      },
      {
        "text": " de ",
        "userDefined": false
      },
      {
        "text": "ajuda",
        "meta": "@Ajuda",
        "alias": "ajuda",
        "userDefined": false
      }
    ],
    "isTemplate": false,
    "count": 0,
    "lang": "pt-br",
    "updated": 0
  }
]