[
  {
    "id": "e6aac628-6f22-4ed2-9bc7-9f1c4973b106",
    "data": [
      {
        "text": "quero",
        "meta": "@Querer",
        "alias": "Querer",
        "userDefined": false
      },
      {
        "text": " ",
        "userDefined": false
      },
      {
        "text": "converter",
        "meta": "@Conversao",
        "alias": "conversao",
        "userDefined": false
      },
      {
        "text": " ",
        "userDefined": false
      },
      {
        "text": "do",
        "meta": "@sys.ignore",
        "userDefined": false
      },
      {
        "text": " ",
        "userDefined": false
      },
      {
        "text": "dolar",
        "meta": "@Dolar",
        "alias": "Dolar",
        "userDefined": false
      },
      {
        "text": " ",
        "userDefined": false
      },
      {
        "text": "pro",
        "meta": "@Para",
        "alias": "Para",
        "userDefined": true
      },
      {
        "text": " ",
        "userDefined": false
      },
      {
        "text": "real",
        "meta": "@Real",
        "alias": "Real",
        "userDefined": false
      }
    ],
    "isTemplate": false,
    "count": 0,
    "lang": "pt-br",
    "updated": 0
  },
  {
    "id": "7003954d-6d55-42ae-9873-f03023b3ff4e",
    "data": [
      {
        "text": "opções",
        "meta": "@Menu",
        "alias": "Menu",
        "userDefined": true
      },
      {
        "text": " de ",
        "userDefined": false
      },
      {
        "text": "conversão",
        "meta": "@Conversao",
        "alias": "conversao",
        "userDefined": false
      }
    ],
    "isTemplate": false,
    "count": 0,
    "lang": "pt-br",
    "updated": 0
  },
  {
    "id": "85a110be-2302-4dd7-a93e-5081a6a71ea8",
    "data": [
      {
        "text": "bot",
        "meta": "@Bot",
        "alias": "Bot",
        "userDefined": true
      },
      {
        "text": " ",
        "userDefined": false
      },
      {
        "text": "converte",
        "meta": "@Conversao",
        "alias": "conversao",
        "userDefined": false
      },
      {
        "text": " ",
        "userDefined": false
      },
      {
        "text": "pro",
        "meta": "@Para",
        "alias": "Para",
        "userDefined": true
      },
      {
        "text": " ",
        "userDefined": false
      },
      {
        "text": "iene",
        "meta": "@Iene",
        "alias": "Iene",
        "userDefined": false
      }
    ],
    "isTemplate": false,
    "count": 0,
    "lang": "pt-br",
    "updated": 0
  },
  {
    "id": "f5a44563-0753-4870-97b6-ab2d578e4b63",
    "data": [
      {
        "text": "quero",
        "meta": "@Querer",
        "alias": "Querer",
        "userDefined": false
      },
      {
        "text": " ",
        "userDefined": false
      },
      {
        "text": "converter",
        "meta": "@Conversao",
        "alias": "conversao",
        "userDefined": false
      },
      {
        "text": " ",
        "userDefined": false
      },
      {
        "text": "para",
        "meta": "@Para",
        "alias": "Para",
        "userDefined": true
      },
      {
        "text": " ",
        "userDefined": false
      },
      {
        "text": "dólar",
        "meta": "@Dolar",
        "alias": "Dolar",
        "userDefined": false
      }
    ],
    "isTemplate": false,
    "count": 0,
    "lang": "pt-br",
    "updated": 0
  },
  {
    "id": "562ff45e-9ce5-49bb-8261-2a162315ea55",
    "data": [
      {
        "text": "conversão",
        "meta": "@Conversao",
        "alias": "conversao",
        "userDefined": false
      },
      {
        "text": " do ",
        "userDefined": false
      },
      {
        "text": "euro",
        "meta": "@Euro",
        "alias": "Euro",
        "userDefined": false
      }
    ],
    "isTemplate": false,
    "count": 1,
    "lang": "pt-br",
    "updated": 0
  },
  {
    "id": "f1c4a47c-e013-4c05-a1de-40977786cdc4",
    "data": [
      {
        "text": "gostaria",
        "meta": "@Querer",
        "alias": "Querer",
        "userDefined": true
      },
      {
        "text": " de ",
        "userDefined": false
      },
      {
        "text": "realizar",
        "meta": "@Fazer",
        "alias": "Fazer",
        "userDefined": true
      },
      {
        "text": " ",
        "userDefined": false
      },
      {
        "text": "uma",
        "meta": "@sys.ignore",
        "userDefined": false
      },
      {
        "text": " ",
        "userDefined": false
      },
      {
        "text": "conversão",
        "meta": "@Conversao",
        "alias": "conversao",
        "userDefined": false
      }
    ],
    "isTemplate": false,
    "count": 0,
    "lang": "pt-br",
    "updated": 0
  },
  {
    "id": "4713b822-6d01-4d0e-8e72-a4b9b51842b4",
    "data": [
      {
        "text": "quero",
        "meta": "@Querer",
        "alias": "Querer",
        "userDefined": true
      },
      {
        "text": " ",
        "userDefined": false
      },
      {
        "text": "converter",
        "meta": "@Conversao",
        "alias": "conversao",
        "userDefined": false
      }
    ],
    "isTemplate": false,
    "count": 0,
    "lang": "pt-br",
    "updated": 0
  },
  {
    "id": "ef0ea731-7a5d-4c97-b977-4f1a901f675b",
    "data": [
      {
        "text": "bom dia",
        "meta": "@Saudacao",
        "alias": "saudacao",
        "userDefined": true
      },
      {
        "text": ", ",
        "userDefined": false
      },
      {
        "text": "quero",
        "meta": "@Querer",
        "alias": "Querer",
        "userDefined": true
      },
      {
        "text": " ",
        "userDefined": false
      },
      {
        "text": "converter",
        "meta": "@Conversao",
        "alias": "conversao",
        "userDefined": true
      }
    ],
    "isTemplate": false,
    "count": 0,
    "lang": "pt-br",
    "updated": 0
  },
  {
    "id": "2fb73a31-ff3e-4fd6-9394-05785f902a83",
    "data": [
      {
        "text": "olá",
        "meta": "@Saudacao",
        "alias": "saudacao",
        "userDefined": false
      },
      {
        "text": " ",
        "userDefined": false
      },
      {
        "text": "conversão",
        "meta": "@Conversao",
        "alias": "conversao",
        "userDefined": false
      }
    ],
    "isTemplate": false,
    "count": 0,
    "lang": "pt-br",
    "updated": 0
  },
  {
    "id": "59506365-ce2d-4d1a-94b9-b7fa58dd0678",
    "data": [
      {
        "text": "me ",
        "userDefined": false
      },
      {
        "text": "fale",
        "meta": "@Informacao",
        "alias": "Informacao",
        "userDefined": true
      },
      {
        "text": " sobre ",
        "userDefined": false
      },
      {
        "text": "conversão",
        "meta": "@Conversao",
        "alias": "conversao",
        "userDefined": false
      }
    ],
    "isTemplate": false,
    "count": 0,
    "lang": "pt-br",
    "updated": 0
  },
  {
    "id": "2fbf19f6-2d90-4eb0-a304-ec2deb662f3e",
    "data": [
      {
        "text": "eu ",
        "userDefined": false
      },
      {
        "text": "quero",
        "meta": "@Querer",
        "alias": "Querer",
        "userDefined": true
      },
      {
        "text": " ",
        "userDefined": false
      },
      {
        "text": "saber",
        "meta": "@Saber",
        "alias": "Saber",
        "userDefined": true
      },
      {
        "text": " sobre ",
        "userDefined": false
      },
      {
        "text": "conversão",
        "meta": "@Conversao",
        "alias": "conversao",
        "userDefined": false
      }
    ],
    "isTemplate": false,
    "count": 0,
    "lang": "pt-br",
    "updated": 0
  },
  {
    "id": "62437425-6727-4357-bfca-31434bad8680",
    "data": [
      {
        "text": "conversão",
        "meta": "@Conversao",
        "alias": "conversao",
        "userDefined": false
      }
    ],
    "isTemplate": false,
    "count": 0,
    "lang": "pt-br",
    "updated": 0
  }
]