[
  {
    "id": "66da6a19-eea5-4b03-9186-10a0da1ab9e8",
    "data": [
      {
        "text": "euro",
        "meta": "@Euro",
        "alias": "euro",
        "userDefined": false
      }
    ],
    "isTemplate": false,
    "count": 0,
    "lang": "pt-br",
    "updated": 0
  },
  {
    "id": "37780671-b263-4f5a-a80b-a0ea400f589c",
    "data": [
      {
        "text": "btc",
        "meta": "@Bitcoin",
        "alias": "bitcoin",
        "userDefined": false
      }
    ],
    "isTemplate": false,
    "count": 0,
    "lang": "pt-br",
    "updated": 0
  },
  {
    "id": "7d46b525-456d-476b-9d40-52928c262e30",
    "data": [
      {
        "text": "yen",
        "meta": "@Iene",
        "alias": "iene",
        "userDefined": false
      }
    ],
    "isTemplate": false,
    "count": 0,
    "lang": "pt-br",
    "updated": 0
  },
  {
    "id": "34846c43-f14d-48d1-b20c-5769f6e629bc",
    "data": [
      {
        "text": "dolar",
        "meta": "@Dolar",
        "alias": "dolar",
        "userDefined": false
      }
    ],
    "isTemplate": false,
    "count": 0,
    "lang": "pt-br",
    "updated": 0
  },
  {
    "id": "b5adc44b-8db6-4609-9ff0-c93accf9c96b",
    "data": [
      {
        "text": "qual",
        "meta": "@Qual",
        "alias": "qual",
        "userDefined": false
      },
      {
        "text": " é a ",
        "userDefined": false
      },
      {
        "text": "cotaçao",
        "meta": "@Cotacao",
        "alias": "cotacao",
        "userDefined": false
      },
      {
        "text": " do ",
        "userDefined": false
      },
      {
        "text": "bitcoin",
        "meta": "@Bitcoin",
        "alias": "bitcoin",
        "userDefined": false
      }
    ],
    "isTemplate": false,
    "count": 0,
    "lang": "pt-br",
    "updated": 0
  },
  {
    "id": "3cdd0f26-73c8-4442-b0f0-b1f372d06371",
    "data": [
      {
        "text": "cotação",
        "meta": "@Cotacao",
        "alias": "cotacao",
        "userDefined": false
      },
      {
        "text": " do ",
        "userDefined": false
      },
      {
        "text": "yen",
        "meta": "@Iene",
        "alias": "iene",
        "userDefined": false
      }
    ],
    "isTemplate": false,
    "count": 0,
    "lang": "pt-br",
    "updated": 0
  },
  {
    "id": "c02b81c8-333c-439d-b332-d4b47ada885a",
    "data": [
      {
        "text": "mais de ",
        "userDefined": false
      },
      {
        "text": "cotação",
        "meta": "@Cotacao",
        "alias": "cotacao",
        "userDefined": false
      }
    ],
    "isTemplate": false,
    "count": 0,
    "lang": "pt-br",
    "updated": 0
  },
  {
    "id": "6f359145-9a65-4891-bd55-495f48275bb4",
    "data": [
      {
        "text": "diga",
        "meta": "@Informacao",
        "alias": "informacao",
        "userDefined": false
      },
      {
        "text": " sobre ",
        "userDefined": false
      },
      {
        "text": "cotação",
        "meta": "@Cotacao",
        "alias": "cotacao",
        "userDefined": false
      }
    ],
    "isTemplate": false,
    "count": 0,
    "lang": "pt-br",
    "updated": 0
  },
  {
    "id": "0d96de44-5c99-4b9c-86f0-f83e55fa86a2",
    "data": [
      {
        "text": "cotação",
        "meta": "@Cotacao",
        "alias": "cotacao",
        "userDefined": false
      },
      {
        "text": " ",
        "userDefined": false
      },
      {
        "text": "iene",
        "meta": "@Iene",
        "alias": "iene",
        "userDefined": true
      }
    ],
    "isTemplate": false,
    "count": 0,
    "lang": "pt-br",
    "updated": 0
  },
  {
    "id": "fa6c052b-23d6-45f8-b67c-b00259b1a6b6",
    "data": [
      {
        "text": "informações",
        "meta": "@Informacao",
        "alias": "informacao",
        "userDefined": false
      },
      {
        "text": " sobre a ",
        "userDefined": false
      },
      {
        "text": "cotação",
        "meta": "@Cotacao",
        "alias": "cotacao",
        "userDefined": false
      },
      {
        "text": " ",
        "userDefined": false
      },
      {
        "text": "do",
        "meta": "@sys.ignore",
        "userDefined": false
      },
      {
        "text": " ",
        "userDefined": false
      },
      {
        "text": "dólar",
        "meta": "@Dolar",
        "alias": "dolar",
        "userDefined": false
      },
      {
        "text": " ",
        "userDefined": false
      },
      {
        "text": "hj",
        "meta": "@Dia",
        "alias": "dia",
        "userDefined": false
      }
    ],
    "isTemplate": false,
    "count": 0,
    "lang": "pt-br",
    "updated": 0
  },
  {
    "id": "13fd7fe6-6534-4a96-88c1-5ea6925e4c54",
    "data": [
      {
        "text": "bom dia",
        "meta": "@Saudacao",
        "alias": "saudacao",
        "userDefined": false
      },
      {
        "text": ", ",
        "userDefined": false
      },
      {
        "text": "cotação",
        "meta": "@Cotacao",
        "alias": "cotacao",
        "userDefined": false
      },
      {
        "text": " do ",
        "userDefined": false
      },
      {
        "text": "euro",
        "meta": "@Euro",
        "alias": "euro",
        "userDefined": true
      }
    ],
    "isTemplate": false,
    "count": 0,
    "lang": "pt-br",
    "updated": 0
  },
  {
    "id": "1c499d5c-d9cf-439d-ada4-a23dbb34f9ac",
    "data": [
      {
        "text": "como está",
        "meta": "@Saudacao",
        "alias": "saudacao",
        "userDefined": false
      },
      {
        "text": " a ",
        "userDefined": false
      },
      {
        "text": "cotação",
        "meta": "@Cotacao",
        "alias": "cotacao",
        "userDefined": false
      },
      {
        "text": " do ",
        "userDefined": false
      },
      {
        "text": "real",
        "meta": "@Real",
        "alias": "real",
        "userDefined": true
      }
    ],
    "isTemplate": false,
    "count": 0,
    "lang": "pt-br",
    "updated": 0
  },
  {
    "id": "7f1d1f3a-ce7f-499f-8b0c-f635204f43a5",
    "data": [
      {
        "text": "me ",
        "userDefined": false
      },
      {
        "text": "informe",
        "meta": "@Informacao",
        "alias": "informacao",
        "userDefined": true
      },
      {
        "text": " sobre a ",
        "userDefined": false
      },
      {
        "text": "cotação",
        "meta": "@Cotacao",
        "alias": "cotacao",
        "userDefined": false
      },
      {
        "text": " ",
        "userDefined": false
      },
      {
        "text": "atual",
        "meta": "@Dia",
        "alias": "dia",
        "userDefined": true
      }
    ],
    "isTemplate": false,
    "count": 0,
    "lang": "pt-br",
    "updated": 0
  },
  {
    "id": "51e9717e-edb1-4040-a760-d1b12e89f2cc",
    "data": [
      {
        "text": "bom dia",
        "meta": "@Saudacao",
        "alias": "saudacao",
        "userDefined": true
      },
      {
        "text": " ",
        "userDefined": false
      },
      {
        "text": "ver",
        "meta": "@Saber",
        "alias": "saber",
        "userDefined": true
      },
      {
        "text": " a ",
        "userDefined": false
      },
      {
        "text": "cotação",
        "meta": "@Cotacao",
        "alias": "cotacao",
        "userDefined": false
      }
    ],
    "isTemplate": false,
    "count": 0,
    "lang": "pt-br",
    "updated": 0
  },
  {
    "id": "f7835467-49f0-4dd7-9b83-e02ba6c1584c",
    "data": [
      {
        "text": "bom dia",
        "meta": "@Saudacao",
        "alias": "saudacao",
        "userDefined": true
      },
      {
        "text": " ",
        "userDefined": false
      },
      {
        "text": "cotação",
        "meta": "@Cotacao",
        "alias": "cotacao",
        "userDefined": false
      }
    ],
    "isTemplate": false,
    "count": 0,
    "lang": "pt-br",
    "updated": 0
  },
  {
    "id": "a213990e-4443-453d-8b6e-72159284f94f",
    "data": [
      {
        "text": "quais",
        "meta": "@Qual",
        "alias": "qual",
        "userDefined": true
      },
      {
        "text": " são ",
        "userDefined": false
      },
      {
        "text": "as",
        "meta": "@sys.ignore",
        "userDefined": false
      },
      {
        "text": " ",
        "userDefined": false
      },
      {
        "text": "cotações",
        "meta": "@Cotacao",
        "alias": "cotacao",
        "userDefined": true
      },
      {
        "text": " ",
        "userDefined": false
      },
      {
        "text": "do",
        "meta": "@sys.ignore",
        "userDefined": false
      },
      {
        "text": " ",
        "userDefined": false
      },
      {
        "text": "dia",
        "meta": "@Dia",
        "alias": "dia",
        "userDefined": true
      }
    ],
    "isTemplate": false,
    "count": 0,
    "lang": "pt-br",
    "updated": 0
  },
  {
    "id": "53194ac0-cee8-433f-b53d-53a0ff636e73",
    "data": [
      {
        "text": "Cotação",
        "meta": "@Cotacao",
        "alias": "cotacao",
        "userDefined": true
      },
      {
        "text": " do ",
        "userDefined": false
      },
      {
        "text": "Dia",
        "meta": "@Dia",
        "alias": "dia",
        "userDefined": true
      }
    ],
    "isTemplate": false,
    "count": 0,
    "lang": "pt-br",
    "updated": 0
  },
  {
    "id": "2fd7ca67-63b0-4587-9fe0-a660f0aa1985",
    "data": [
      {
        "text": "eu ",
        "userDefined": false
      },
      {
        "text": "quero",
        "meta": "@Querer",
        "alias": "querer",
        "userDefined": true
      },
      {
        "text": " ",
        "userDefined": false
      },
      {
        "text": "saber",
        "meta": "@Saber",
        "alias": "saber",
        "userDefined": true
      },
      {
        "text": " ",
        "userDefined": false
      },
      {
        "text": "da",
        "meta": "@sys.ignore",
        "userDefined": false
      },
      {
        "text": " ",
        "userDefined": false
      },
      {
        "text": "cotação",
        "meta": "@Cotacao",
        "alias": "cotacao",
        "userDefined": true
      },
      {
        "text": " do ",
        "userDefined": false
      },
      {
        "text": "dia",
        "meta": "@Dia",
        "alias": "dia",
        "userDefined": true
      }
    ],
    "isTemplate": false,
    "count": 0,
    "lang": "pt-br",
    "updated": 0
  },
  {
    "id": "03ac90fd-d6fd-49ce-9e4a-a1eb65f1672c",
    "data": [
      {
        "text": "cotação",
        "meta": "@Cotacao",
        "alias": "cotacao",
        "userDefined": true
      }
    ],
    "isTemplate": false,
    "count": 0,
    "lang": "pt-br",
    "updated": 0
  }
]