[
  {
    "id": "dec7b995-121c-48d9-97e1-f35ec96f81bc",
    "data": [
      {
        "text": "que",
        "meta": "@Qual",
        "alias": "Qual",
        "userDefined": false
      },
      {
        "text": " tipo de ",
        "userDefined": false
      },
      {
        "text": "informação",
        "meta": "@Informacao",
        "alias": "Informacao",
        "userDefined": false
      },
      {
        "text": " vc ",
        "userDefined": false
      },
      {
        "text": "tem",
        "meta": "@Ter",
        "alias": "Ter",
        "userDefined": false
      }
    ],
    "isTemplate": false,
    "count": 0,
    "lang": "pt-br",
    "updated": 0
  },
  {
    "id": "5cfff00d-2f86-484b-a09f-ca81ccd0d2c5",
    "data": [
      {
        "text": "informa",
        "meta": "@Informacao",
        "alias": "Informacao",
        "userDefined": true
      },
      {
        "text": " as ",
        "userDefined": false
      },
      {
        "text": "opções",
        "meta": "@Menu",
        "alias": "Menu",
        "userDefined": false
      }
    ],
    "isTemplate": false,
    "count": 0,
    "lang": "pt-br",
    "updated": 0
  },
  {
    "id": "c2d72b10-f8a9-4279-a2ba-7262afa49b9e",
    "data": [
      {
        "text": "quais",
        "meta": "@Qual",
        "alias": "Qual",
        "userDefined": false
      },
      {
        "text": " as ",
        "userDefined": false
      },
      {
        "text": "opções",
        "meta": "@Menu",
        "alias": "Menu",
        "userDefined": false
      },
      {
        "text": " eu ",
        "userDefined": false
      },
      {
        "text": "posso",
        "meta": "@Querer",
        "alias": "Querer",
        "userDefined": true
      },
      {
        "text": " ",
        "userDefined": false
      },
      {
        "text": "selecionar",
        "meta": "@Escolher",
        "alias": "Escolher",
        "userDefined": true
      }
    ],
    "isTemplate": false,
    "count": 0,
    "lang": "pt-br",
    "updated": 0
  },
  {
    "id": "c131570a-187b-4214-bc1d-6d3aca164a8f",
    "data": [
      {
        "text": "acesso",
        "meta": "@Escolher",
        "alias": "Escolher",
        "userDefined": true
      },
      {
        "text": " ao ",
        "userDefined": false
      },
      {
        "text": "menu",
        "meta": "@Menu",
        "alias": "Menu",
        "userDefined": false
      }
    ],
    "isTemplate": false,
    "count": 0,
    "lang": "pt-br",
    "updated": 0
  },
  {
    "id": "7de6047f-e450-4496-8d46-e3c81a210f73",
    "data": [
      {
        "text": "bot",
        "meta": "@Bot",
        "alias": "Bot",
        "userDefined": true
      },
      {
        "text": " me ",
        "userDefined": false
      },
      {
        "text": "leva",
        "meta": "@Ir",
        "alias": "Ir",
        "userDefined": true
      },
      {
        "text": " ",
        "userDefined": false
      },
      {
        "text": "pro",
        "meta": "@Para",
        "alias": "Para",
        "userDefined": true
      },
      {
        "text": " ",
        "userDefined": false
      },
      {
        "text": "menu",
        "meta": "@Menu",
        "alias": "Menu",
        "userDefined": false
      }
    ],
    "isTemplate": false,
    "count": 1,
    "lang": "pt-br",
    "updated": 0
  },
  {
    "id": "01ec39fe-7206-459f-aef0-ac3cdb5447f0",
    "data": [
      {
        "text": "bot",
        "meta": "@Bot",
        "alias": "Bot",
        "userDefined": true
      },
      {
        "text": " ",
        "userDefined": false
      },
      {
        "text": "menu",
        "meta": "@Menu",
        "alias": "Menu",
        "userDefined": false
      }
    ],
    "isTemplate": false,
    "count": 0,
    "lang": "pt-br",
    "updated": 0
  },
  {
    "id": "8a7ba676-6bf0-4c74-82f2-2f0974e19fbb",
    "data": [
      {
        "text": "gostaria",
        "meta": "@Querer",
        "alias": "Querer",
        "userDefined": true
      },
      {
        "text": " de ",
        "userDefined": false
      },
      {
        "text": "saber",
        "meta": "@Saber",
        "alias": "Saber",
        "userDefined": true
      },
      {
        "text": " as ",
        "userDefined": false
      },
      {
        "text": "opções",
        "meta": "@Menu",
        "alias": "Menu",
        "userDefined": false
      },
      {
        "text": " disponíveis",
        "userDefined": false
      }
    ],
    "isTemplate": false,
    "count": 0,
    "lang": "pt-br",
    "updated": 0
  },
  {
    "id": "ba3a0f6f-c0df-49aa-8529-a943827bf524",
    "data": [
      {
        "text": "claro",
        "meta": "@Sim",
        "alias": "Sim",
        "userDefined": true
      },
      {
        "text": ", ",
        "userDefined": false
      },
      {
        "text": "quero",
        "meta": "@Querer",
        "alias": "Querer",
        "userDefined": true
      },
      {
        "text": " ",
        "userDefined": false
      },
      {
        "text": "ver",
        "meta": "@Saber",
        "alias": "Saber",
        "userDefined": true
      },
      {
        "text": " a ",
        "userDefined": false
      },
      {
        "text": "listagem",
        "meta": "@Menu",
        "alias": "Menu",
        "userDefined": true
      }
    ],
    "isTemplate": false,
    "count": 1,
    "lang": "pt-br",
    "updated": 0
  },
  {
    "id": "009642ac-24af-45e1-b9ff-4086f36009d6",
    "data": [
      {
        "text": "quais",
        "meta": "@Qual",
        "alias": "Qual",
        "userDefined": true
      },
      {
        "text": " as ",
        "userDefined": false
      },
      {
        "text": "opções",
        "meta": "@Menu",
        "alias": "Menu",
        "userDefined": true
      },
      {
        "text": " ",
        "userDefined": false
      },
      {
        "text": "tem",
        "meta": "@Ter",
        "alias": "Ter",
        "userDefined": true
      }
    ],
    "isTemplate": false,
    "count": 0,
    "lang": "pt-br",
    "updated": 0
  },
  {
    "id": "e805b007-f327-4848-b865-d27b458e3d51",
    "data": [
      {
        "text": "sim",
        "meta": "@Sim",
        "alias": "Sim",
        "userDefined": true
      },
      {
        "text": " ",
        "userDefined": false
      },
      {
        "text": "menu",
        "meta": "@Menu",
        "alias": "Menu",
        "userDefined": true
      }
    ],
    "isTemplate": false,
    "count": 0,
    "lang": "pt-br",
    "updated": 0
  },
  {
    "id": "cc99b554-266c-47fd-b0cb-81535d984c57",
    "data": [
      {
        "text": "sim",
        "meta": "@Sim",
        "alias": "Sim",
        "userDefined": false
      }
    ],
    "isTemplate": false,
    "count": 0,
    "lang": "pt-br",
    "updated": 0
  },
  {
    "id": "6d6b875d-06c4-48ab-a554-78aa65a2854f",
    "data": [
      {
        "text": "eu ",
        "userDefined": false
      },
      {
        "text": "quero",
        "meta": "@Querer",
        "alias": "Querer",
        "userDefined": true
      },
      {
        "text": " ",
        "userDefined": false
      },
      {
        "text": "ir",
        "meta": "@Ir",
        "alias": "Ir",
        "userDefined": true
      },
      {
        "text": " ",
        "userDefined": false
      },
      {
        "text": "para",
        "meta": "@Para",
        "alias": "Para",
        "userDefined": true
      },
      {
        "text": " o ",
        "userDefined": false
      },
      {
        "text": "menu",
        "meta": "@Menu",
        "alias": "Menu",
        "userDefined": true
      }
    ],
    "isTemplate": false,
    "count": 0,
    "lang": "pt-br",
    "updated": 0
  },
  {
    "id": "ac6247b2-1947-4ed9-bf5a-5f90e1f08e9e",
    "data": [
      {
        "text": "menu",
        "meta": "@Menu",
        "alias": "Menu",
        "userDefined": true
      }
    ],
    "isTemplate": false,
    "count": 0,
    "lang": "pt-br",
    "updated": 0
  }
]