[
  {
    "id": "6c7b996d-8bd4-484b-9017-616cf33d9711",
    "data": [
      {
        "text": "iniciar",
        "meta": "@Comecar",
        "alias": "Comecar",
        "userDefined": true
      },
      {
        "text": " ",
        "userDefined": false
      },
      {
        "text": "bot",
        "meta": "@Bot",
        "alias": "Bot",
        "userDefined": false
      }
    ],
    "isTemplate": false,
    "count": 0,
    "lang": "pt-br",
    "updated": 0
  },
  {
    "id": "9980e2b0-b942-4b02-a17c-0792847c966c",
    "data": [
      {
        "text": "eai",
        "meta": "@Saudacao",
        "alias": "Saudacao",
        "userDefined": false
      },
      {
        "text": " ",
        "userDefined": false
      },
      {
        "text": "bot",
        "meta": "@Bot",
        "alias": "Bot",
        "userDefined": true
      },
      {
        "text": ", como você ",
        "userDefined": false
      },
      {
        "text": "ta",
        "meta": "@sys.ignore",
        "userDefined": false
      }
    ],
    "isTemplate": false,
    "count": 0,
    "lang": "pt-br",
    "updated": 0
  },
  {
    "id": "b3363f9b-6175-4882-9423-0f3348e02e41",
    "data": [
      {
        "text": "olá",
        "meta": "@Saudacao",
        "alias": "Saudacao",
        "userDefined": false
      },
      {
        "text": " ",
        "userDefined": false
      },
      {
        "text": "bot",
        "meta": "@Bot",
        "alias": "Bot",
        "userDefined": true
      }
    ],
    "isTemplate": false,
    "count": 0,
    "lang": "pt-br",
    "updated": 0
  },
  {
    "id": "1685633b-d7bb-452b-8da3-0a5b520fb5f5",
    "data": [
      {
        "text": "olá",
        "meta": "@Saudacao",
        "alias": "Saudacao",
        "userDefined": false
      },
      {
        "text": " ",
        "userDefined": false
      },
      {
        "text": "tudo bem",
        "meta": "@Saudacao",
        "alias": "Saudacao",
        "userDefined": true
      }
    ],
    "isTemplate": false,
    "count": 0,
    "lang": "pt-br",
    "updated": 0
  },
  {
    "id": "eaad2013-addf-412a-aabf-ea1045699131",
    "data": [
      {
        "text": "oi",
        "meta": "@Saudacao",
        "alias": "Saudacao",
        "userDefined": true
      }
    ],
    "isTemplate": false,
    "count": 0,
    "lang": "pt-br",
    "updated": 0
  }
]